title,avg_rating,num_ratings
"Shawshank Redemption, The (1994)",4.429022082018927,634
Sunset Blvd. (a.k.a. Sunset Boulevard) (1950),4.333333333333333,81
Double Indemnity (1944),4.323529411764706,51
"Philadelphia Story, The (1940)",4.310344827586207,87
Once Upon a Time in the West (C'era una volta il West) (1968),4.305555555555555,54
Lawrence of Arabia (1962),4.3,135
"Godfather, The (1972)",4.2890625,384
Harold and Maude (1971),4.288461538461538,78
Fight Club (1999),4.272935779816514,872
Cool Hand Luke (1967),4.271929824561403,57
Dr. Strangelove or: How I Learned to Stop Worrying and Love the Bomb (1964),4.268041237113402,194
Touch of Evil (1958),4.264705882352941,51
Rear Window (1954),4.261904761904762,168
"Godfather: Part II, The (1974)",4.25968992248062,258
"Departed, The (2006)",4.252336448598131,321
Notorious (1946),4.25,60
Goodfellas (1990),4.25,252
"Manchurian Candidate, The (1962)",4.25,90
"Outlaw Josey Wales, The (1976)",4.25,90
Casablanca (1942),4.24,200
"Dark Knight, The (2008)",4.238255033557047,596
"Usual Suspects, The (1995)",4.237745098039215,612
"Princess Bride, The (1987)",4.232394366197183,710
Star Wars: Episode IV - A New Hope (1977),4.231075697211155,753
"Third Man, The (1949)",4.229166666666667,72
Miller's Crossing (1990),4.225,80
Schindler's List (1993),4.225,440
"Boondock Saints, The (2000)",4.22093023255814,172
Apocalypse Now (1979),4.219626168224299,321
To Catch a Thief (1955),4.217391304347826,92
American History X (1998),4.217054263565892,258
Star Wars: Episode V - The Empire Strikes Back (1980),4.2156398104265405,633
"Boot, Das (Boat, The) (1981)",4.2125,120
Chinatown (1974),4.211864406779661,236
Raiders of the Lost Ark (Indiana Jones and the Raiders of the Lost Ark) (1981),4.2075,400
One Flew Over the Cuckoo's Nest (1975),4.203007518796992,133
Reservoir Dogs (1992),4.202290076335878,393
Pulp Fiction (1994),4.197068403908795,1228
"Matrix, The (1999)",4.192446043165468,834
Seven Samurai (Shichinin no samurai) (1954),4.1875,144
North by Northwest (1959),4.184210526315789,285
Amadeus (1984),4.184210526315789,76
"Amelie (Fabuleux destin d'Amélie Poulain, Le) (2001)",4.183333333333334,240
Brazil (1985),4.177966101694915,118
Rosemary's Baby (1968),4.171875,96
Glory (1989),4.170731707317073,82
"Maltese Falcon, The (1941)",4.170454545454546,88
Rebecca (1940),4.166666666666667,72
Nightcrawler (2014),4.166666666666667,54
Forrest Gump (1994),4.164133738601824,1316
Monty Python and the Holy Grail (1975),4.161764705882353,408
"Silence of the Lambs, The (1991)",4.161290322580645,837
Eternal Sunshine of the Spotless Mind (2004),4.1603053435114505,393
In Bruges (2008),4.158536585365853,164
Lone Star (1996),4.157894736842105,57
Snatch (2000),4.155913978494624,279
Spirited Away (Sen to Chihiro no kamikakushi) (2001),4.155172413793103,261
For a Few Dollars More (Per qualche dollaro in più) (1965),4.151515151515151,132
12 Angry Men (1957),4.149122807017544,57
"Green Mile, The (1999)",4.148648648648648,222
Ghost in the Shell (Kôkaku kidôtai) (1995),4.148148148148148,54
Life Is Beautiful (La Vita è bella) (1997),4.1477272727272725,352
City of God (Cidade de Deus) (2002),4.1466666666666665,375
Saving Private Ryan (1998),4.1462765957446805,564
"Good, the Bad and the Ugly, The (Buono, il brutto, il cattivo, Il) (1966)",4.145833333333333,216
There Will Be Blood (2007),4.142857142857143,56
Doctor Zhivago (1965),4.142857142857143,63
Star Wars: Episode VI - Return of the Jedi (1983),4.137755102040816,588
Inglourious Basterds (2009),4.136363636363637,264
"Great Escape, The (1963)",4.127906976744186,172
Memento (2000),4.122641509433962,318
"Bridge on the River Kwai, The (1957)",4.122222222222222,135
Patton (1970),4.121212121212121,66
To Kill a Mockingbird (1962),4.120689655172414,58
"Lord of the Rings: The Return of the King, The (2003)",4.118918918918919,740
"Lives of Others, The (Das leben der Anderen) (2006)",4.117647058823529,102
Fargo (1996),4.116022099447513,724
Unforgiven (1992),4.111111111111111,90
Toy Story 3 (2010),4.109090909090909,330
"Pianist, The (2002)",4.108695652173913,92
Intouchables (2011),4.108108108108108,74
Manhattan (1979),4.106060606060606,99
"Lord of the Rings: The Fellowship of the Ring, The (2001)",4.106060606060606,396
Taxi Driver (1976),4.105769230769231,312
Blade Runner (1982),4.100806451612903,372
Dial M for Murder (1954),4.1,75
Full Metal Jacket (1987),4.098039215686274,204
Wallace & Gromit: The Best of Aardman Animation (1996),4.092592592592593,81
Office Space (1999),4.090425531914893,188
Old Boy (2003),4.089743589743589,78
"Grand Day Out with Wallace and Gromit, A (1989)",4.089285714285714,140
Fantastic Mr. Fox (2009),4.083333333333333,90
"Shining, The (1980)",4.08256880733945,109
Good Will Hunting (1997),4.078014184397163,282
Howl's Moving Castle (Hauru no ugoku shiro) (2004),4.075,160
Singin' in the Rain (1952),4.074468085106383,141
Kiss Kiss Bang Bang (2005),4.071428571428571,140
Bonnie and Clyde (1967),4.071428571428571,70
"Femme Nikita, La (Nikita) (1990)",4.071428571428571,140
Inception (2010),4.066433566433567,1001
"Graduate, The (1967)",4.063291139240507,237
Laputa: Castle in the Sky (Tenkû no shiro Rapyuta) (1986),4.0625,144
L.A. Confidential (1997),4.061855670103093,388
3:10 to Yuma (2007),4.06,100
"Hurt Locker, The (2008)",4.0588235294117645,136
Kiki's Delivery Service (Majo no takkyûbin) (1989),4.0588235294117645,85
Roman Holiday (1953),4.0576923076923075,78
WALL·E (2008),4.0576923076923075,520
American Beauty (1999),4.056372549019608,408
"Lock, Stock & Two Smoking Barrels (1998)",4.052238805970149,201
"Iron Giant, The (1999)",4.051282051282051,195
Guardians of the Galaxy (2014),4.0508474576271185,177
Captain Phillips (2013),4.0476190476190474,84
Indiana Jones and the Last Crusade (1989),4.046428571428572,280
Evil Dead II (Dead by Dawn) (1987),4.044117647058823,136
Citizen Kane (1941),4.043478260869565,138
"King's Speech, The (2010)",4.043103448275862,58
My Fair Lady (1964),4.042857142857143,140
Trainspotting (1996),4.03921568627451,306
Army of Darkness (1993),4.03921568627451,255
Back to the Future (1985),4.038011695906433,513
"Road Warrior, The (Mad Max 2) (1981)",4.0375,160
Psycho (1960),4.036144578313253,166
Wallace & Gromit: The Wrong Trousers (1993),4.035714285714286,224
It's a Wonderful Life (1946),4.0344827586206895,232
Lost in Translation (2003),4.033783783783784,222
Braveheart (1995),4.031645569620253,711
Thank You for Smoking (2006),4.027777777777778,72
"Postman, The (Postino, Il) (1994)",4.027027027027027,111
Eastern Promises (2007),4.026315789473684,57
Vertigo (1958),4.025,240
Dogville (2003),4.025,60
Thor: Ragnarok (2017),4.025,60
"Cabin in the Woods, The (2012)",4.0227272727272725,88
Shutter Island (2010),4.022388059701493,201
"Lord of the Rings: The Two Towers, The (2002)",4.0212765957446805,376
The Imitation Game (2014),4.02,150
Léon: The Professional (a.k.a. The Professional) (Léon) (1994),4.018796992481203,532
All the President's Men (1976),4.018518518518518,54
"Killing Fields, The (1984)",4.017857142857143,56
This Is Spinal Tap (1984),4.015151515151516,66
"City of Lost Children, The (Cité des enfants perdus, La) (1995)",4.0131578947368425,190
Some Like It Hot (1959),4.01,100
Shaun of the Dead (2004),4.0064935064935066,154
"Prestige, The (2006)",4.0055555555555555,360
Jaws (1975),4.0054945054945055,182
Stand by Me (1986),4.0054945054945055,182
Up (2009),4.004761904761905,420
Henry V (1989),4.0,76
Hot Fuzz (2007),4.0,244
"Beautiful Mind, A (2001)",4.0,246
Run Lola Run (Lola rennt) (1998),4.0,150
Nausicaä of the Valley of the Wind (Kaze no tani no Naushika) (1984),4.0,115
The Martian (2015),4.0,144
Blood Simple (1984),4.0,57
Bound (1996),4.0,92
"Secret Life of Walter Mitty, The (2013)",4.0,60
"Clockwork Orange, A (1971)",3.995833333333333,480
"Dark Knight Rises, The (2012)",3.9934210526315788,304
Interstellar (2014),3.993150684931507,146
Young Frankenstein (1974),3.9927536231884058,138
"Fugitive, The (1993)",3.9921052631578946,190
Raising Arizona (1987),3.9913793103448274,58
Harry Potter and the Deathly Hallows: Part 1 (2010),3.9893617021276597,188
Watchmen (2009),3.988372093023256,258
The Machinist (2004),3.986842105263158,114
Kingsman: The Secret Service (2015),3.986111111111111,144
Platoon (1986),3.984126984126984,126
"Crazy, Stupid, Love. (2011)",3.9838709677419355,93
Twelve Monkeys (a.k.a. 12 Monkeys) (1995),3.983050847457627,531
Argo (2012),3.982142857142857,56
Donnie Darko (2001),3.981651376146789,436
Strangers on a Train (1951),3.98,100
Edge of Tomorrow (2014),3.977272727272727,132
"Sting, The (1973)",3.9765625,128
Seven (a.k.a. Se7en) (1995),3.9753694581280787,406
Dawn of the Dead (1978),3.975,60
28 Days Later (2002),3.9741379310344827,174
"Christmas Story, A (1983)",3.9727272727272727,110
Terminator 2: Judgment Day (1991),3.970982142857143,448
"African Queen, The (1951)",3.9705882352941178,136
Alien (1979),3.969178082191781,292
Moon (2009),3.96875,128
"Dirty Dozen, The (1967)",3.96875,96
Fear and Loathing in Las Vegas (1998),3.967391304347826,138
Aliens (1986),3.9642857142857144,504
"Apartment, The (1960)",3.962962962962963,81
Kill Bill: Vol. 1 (2003),3.9618320610687023,393
Go (1999),3.9615384615384617,78
Finding Nemo (2003),3.9609929078014185,564
My Neighbor Totoro (Tonari no Totoro) (1988),3.9594594594594597,148
Dead Poets Society (1989),3.9593023255813953,86
Princess Mononoke (Mononoke-hime) (1997),3.9583333333333335,240
"Town, The (2010)",3.9545454545454546,66
Being John Malkovich (1999),3.9545454545454546,297
Gattaca (1997),3.953488372093023,258
Limitless (2011),3.95,60
"Player, The (1992)",3.9473684210526314,114
Heat (1995),3.946078431372549,306
Adaptation (2002),3.9456521739130435,138
Gran Torino (2008),3.9456521739130435,92
Blue Velvet (1986),3.9456521739130435,138
Children of Men (2006),3.9453125,320
Casino Royale (2006),3.9444444444444446,243
Rashomon (Rashômon) (1950),3.9444444444444446,54
Groundhog Day (1993),3.944055944055944,429
Django Unchained (2012),3.943661971830986,213
Butch Cassidy and the Sundance Kid (1969),3.943548387096774,124
How to Train Your Dragon (2010),3.943396226415094,265
"Lion King, The (1994)",3.941860465116279,1032
Ben-Hur (1959),3.9411764705882355,102
Serenity (2005),3.94,150
"Girl with the Dragon Tattoo, The (Män som hatar kvinnor) (2009)",3.94,100
Like Water for Chocolate (Como agua para chocolate) (1992),3.9393939393939394,99
"Untouchables, The (1987)",3.9384615384615387,195
Gladiator (2000),3.9382352941176473,510
"Sound of Music, The (1965)",3.9375,128
"Fistful of Dollars, A (Per un pugno di dollari) (1964)",3.9358974358974357,78
Blazing Saddles (1974),3.935483870967742,124
M*A*S*H (a.k.a. MASH) (1970),3.9347826086956523,138
Dog Day Afternoon (1975),3.9342105263157894,76
"Thing, The (1982)",3.933333333333333,180
Battle Royale (Batoru rowaiaru) (2000),3.933333333333333,120
Scarface (1983),3.9328358208955225,201
Monty Python's Life of Brian (1979),3.9269662921348316,89
Casino (1995),3.926829268292683,164
Guardians of the Galaxy 2 (2017),3.925925925925926,81
Rogue One: A Star Wars Story (2016),3.925925925925926,108
"Big Lebowski, The (1998)",3.9245283018867925,212
Say Anything... (1989),3.923076923076923,117
"Fish Called Wanda, A (1988)",3.9225352112676055,142
Requiem for a Dream (2000),3.921875,96
Catch Me If You Can (2002),3.9217391304347826,230
Hero (Ying xiong) (2002),3.9210526315789473,114
Toy Story (1995),3.9209302325581397,1075
Her (2013),3.92,75
"Wolf of Wall Street, The (2013)",3.9166666666666665,162
Crimes and Misdemeanors (1989),3.9166666666666665,54
Tangled (2010),3.9166666666666665,168
Dr. Horrible's Sing-Along Blog (2008),3.9166666666666665,96
Harry Potter and the Prisoner of Azkaban (2004),3.913978494623656,279
Emma (1996),3.912087912087912,91
Let the Right One In (Låt den rätte komma in) (2008),3.911764705882353,68
Ex Machina (2015),3.9107142857142856,84
Harry Potter and the Deathly Hallows: Part 2 (2011),3.91,300
Dawn of the Dead (2004),3.90625,64
American Gangster (2007),3.9054054054054053,111
The Revenant (2015),3.903225806451613,62
"Last Samurai, The (2003)",3.903225806451613,248
Into the Wild (2007),3.902439024390244,123
Deliverance (1972),3.9,90
Secretary (2002),3.9,75
Cowboy Bebop: The Movie (Cowboy Bebop: Tengoku no Tobira) (2001),3.9,80
Traffic (2000),3.9,210
No Country for Old Men (2007),3.8984375,128
"Terminator, The (1984)",3.8969465648854964,393
Wallace & Gromit: A Close Shave (1995),3.8958333333333335,144
2001: A Space Odyssey (1968),3.8944954128440368,327
"Sixth Sense, The (1999)",3.893854748603352,537
"Gods Must Be Crazy, The (1980)",3.892857142857143,56
Porco Rosso (Crimson Pig) (Kurenai no buta) (1992),3.892857142857143,70
Zootopia (2016),3.890625,160
Crash (2004),3.89,100
Harry Potter and the Half-Blood Prince (2009),3.8879310344827585,290
Mary Poppins (1964),3.887323943661972,284
"Social Network, The (2010)",3.8859649122807016,57
V for Vendetta (2006),3.885,400
Little Miss Sunshine (2006),3.883116883116883,231
"Wizard of Oz, The (1939)",3.880434782608696,368
Arsenic and Old Lace (1944),3.8793103448275863,87
Star Trek: First Contact (1996),3.879120879120879,364
Zombieland (2009),3.8773584905660377,159
Equilibrium (2002),3.875,132
Willy Wonka & the Chocolate Factory (1971),3.8739495798319328,476
"Hunt for Red October, The (1990)",3.8722222222222222,270
"French Connection, The (1971)",3.871794871794872,117
"Monsters, Inc. (2001)",3.871212121212121,660
The Lego Movie (2014),3.870967741935484,186
Annie Hall (1977),3.8706896551724137,116
The Hunger Games: Mockingjay - Part 1 (2014),3.869565217391304,69
"Avengers, The (2012)",3.869565217391304,276
"Professional, The (Le professionnel) (1981)",3.8684210526315788,57
Kill Bill: Vol. 2 (2004),3.868181818181818,330
Ratatouille (2007),3.8680555555555554,216
Shrek (2001),3.8676470588235294,1020
Almost Famous (2000),3.8674698795180724,83
21 Jump Street (2012),3.8653846153846154,78
Star Trek (2009),3.864406779661017,236
eXistenZ (1999),3.8636363636363638,66
Superbad (2007),3.8636363636363638,55
Batman Begins (2005),3.8620689655172415,348
Harry Potter and the Order of the Phoenix (2007),3.8620689655172415,232
Die Hard (1988),3.8620689655172415,435
"South Park: Bigger, Longer and Uncut (1999)",3.861842105263158,228
Toy Story 2 (1999),3.8608247422680413,485
Shooter (2007),3.86,75
Out of Sight (1998),3.859375,160
When Harry Met Sally... (1989),3.8588235294117648,170
Big Trouble in Little China (1986),3.857142857142857,112
Sin City (2005),3.857142857142857,420
Airplane! (1980),3.8563218390804597,87
Clerks (1994),3.855769230769231,104
Lucky Number Slevin (2006),3.8552631578947367,114
Big Hero 6 (2014),3.8536585365853657,123
Star Wars: Episode VII - The Force Awakens (2015),3.8536585365853657,205
Sherlock Holmes (2009),3.853448275862069,232
Pi (1998),3.851063829787234,141
American Graffiti (1973),3.8488372093023258,86
Breakfast at Tiffany's (1961),3.8472222222222223,72
Million Dollar Baby (2004),3.8461538461538463,52
Apollo 13 (1995),3.845771144278607,603
John Wick (2014),3.8448275862068964,58
Ocean's Eleven (2001),3.8445378151260505,238
Mulholland Drive (2001),3.843137254901961,255
Misery (1990),3.840909090909091,132
Goldfinger (1964),3.839622641509434,159
Ferris Bueller's Day Off (1986),3.8394495412844036,109
"Crouching Tiger, Hidden Dragon (Wo hu cang long) (2000)",3.8363636363636364,330
"Incredibles, The (2004)",3.836,625
Dead Man Walking (1995),3.8358208955223883,134
Dances with Wolves (1990),3.8353658536585367,492
"Last of the Mohicans, The (1992)",3.8333333333333335,156
Deadpool (2016),3.8333333333333335,216
X-Men: Days of Future Past (2014),3.8333333333333335,90
Big Fish (2003),3.8333333333333335,207
Fantasia 2000 (1999),3.8333333333333335,60
Delicatessen (1991),3.8333333333333335,63
127 Hours (2010),3.8333333333333335,54
"Jungle Book, The (1967)",3.830188679245283,212
The Count of Monte Cristo (2002),3.828125,128
Rocky (1976),3.828125,64
Caddyshack (1980),3.826923076923077,52
"Deer Hunter, The (1978)",3.8255813953488373,86
Iron Man (2008),3.824468085106383,282
Dark City (1998),3.8229166666666665,192
Labyrinth (1986),3.8214285714285716,126
"Day the Earth Stood Still, The (1951)",3.82,75
Mad Max: Fury Road (2015),3.8191489361702127,188
"Evil Dead, The (1981)",3.8181818181818183,66
"Omen, The (1976)",3.8181818181818183,66
"Bourne Identity, The (2002)",3.8169642857142856,336
Harry Potter and the Goblet of Fire (2005),3.816901408450704,284
Battlestar Galactica (2003),3.8157894736842106,57
Layer Cake (2004),3.8157894736842106,57
Tombstone (1993),3.8153846153846156,195
"Pan's Labyrinth (Laberinto del fauno, El) (2006)",3.814814814814815,243
Inside Out (2015),3.813953488372093,258
Much Ado About Nothing (1993),3.813953488372093,86
Blow (2001),3.8137254901960786,102
"Hobbit: An Unexpected Journey, The (2012)",3.8125,120
"Truman Show, The (1998)",3.812,375
Lilo & Stitch (2002),3.810344827586207,116
Black Hawk Down (2001),3.81,150
Skyfall (2012),3.81,200
Slumdog Millionaire (2008),3.8098591549295775,213
"Blues Brothers, The (1980)",3.8095238095238093,252
Munich (2005),3.8095238095238093,84
"O Brother, Where Art Thou? (2000)",3.8085106382978724,282
Charade (1963),3.8076923076923075,65
Rain Man (1988),3.8072916666666665,96
"Fisher King, The (1991)",3.8055555555555554,144
Hellboy II: The Golden Army (2008),3.8055555555555554,72
Duck Soup (1933),3.8043478260869565,69
Spider-Man 2 (2004),3.8037974683544302,316
Planet of the Apes (1968),3.8035714285714284,168
"Good Morning, Vietnam (1987)",3.802325581395349,129
"Exorcist, The (1973)",3.80188679245283,106
Inside Man (2006),3.8,120
True Romance (1993),3.8,130
"Motorcycle Diaries, The (Diarios de motocicleta) (2004)",3.7962962962962963,54
Easy A (2010),3.7962962962962963,54
"Simple Plan, A (1998)",3.7954545454545454,66
Planet Terror (2007),3.7954545454545454,66
Stripes (1981),3.7941176470588234,68
Training Day (2001),3.7941176470588234,153
Aladdin (1992),3.7923497267759565,915
Hotel Rwanda (2004),3.7916666666666665,96
Rise of the Guardians (2012),3.7916666666666665,60
X-Men: First Class (2011),3.7906976744186047,215
"Few Good Men, A (1992)",3.789473684210526,171
American Psycho (2000),3.788135593220339,236
Love Actually (2003),3.788135593220339,177
"Bourne Supremacy, The (2004)",3.7866666666666666,225
Fantasia (1940),3.7830188679245285,212
Bottle Rocket (1996),3.782608695652174,92
"Illusionist, The (2006)",3.7790697674418605,172
"Grand Budapest Hotel, The (2014)",3.7788461538461537,104
"Breakfast Club, The (1985)",3.7787610619469025,226
Pirates of the Caribbean: The Curse of the Black Pearl (2003),3.778523489932886,596
Shakespeare in Love (1998),3.777173913043478,276
District 9 (2009),3.776923076923077,195
Sense and Sensibility (1995),3.7761194029850746,134
Moonrise Kingdom (2012),3.7758620689655173,87
Bowling for Columbine (2002),3.7758620689655173,58
Ghostbusters (a.k.a. Ghost Busters) (1984),3.775,360
Dirty Harry (1971),3.775,60
Anchorman: The Legend of Ron Burgundy (2004),3.7719298245614037,57
Beauty and the Beast (1991),3.7705479452054793,876
Forgetting Sarah Marshall (2008),3.769230769230769,78
Juno (2007),3.769230769230769,195
Ninja Scroll (Jûbei ninpûchô) (1995),3.769230769230769,52
"Guns of Navarone, The (1961)",3.769230769230769,52
"Virgin Suicides, The (1999)",3.769230769230769,52
Sabrina (1954),3.7666666666666666,60
E.T. the Extra-Terrestrial (1982),3.7663934426229506,366
What's Eating Gilbert Grape (1993),3.7662337662337664,77
Star Trek II: The Wrath of Khan (1982),3.7661290322580645,248
Drive (2011),3.765625,128
Blood Diamond (2006),3.7641509433962264,318
Sherlock Holmes: A Game of Shadows (2011),3.763157894736842,228
Harry Potter and the Sorcerer's Stone (a.k.a. Harry Potter and the Philosopher's Stone) (2001),3.7616822429906542,321
Collateral (2004),3.7613636363636362,176
"Full Monty, The (1997)",3.7589285714285716,112
"Madness of King George, The (1994)",3.7580645161290325,62
Walk the Line (2005),3.7564102564102564,117
Night of the Living Dead (1968),3.75,84
From Russia with Love (1963),3.75,108
Sleeper (1973),3.75,56
Hugo (2011),3.75,54
21 (2008),3.75,72
"Secret of Roan Inish, The (1994)",3.75,64
"Princess and the Frog, The (2009)",3.75,60
Three Days of the Condor (3 Days of the Condor) (1975),3.75,64
"Name of the Rose, The (Name der Rose, Der) (1986)",3.75,72
Jurassic Park (1993),3.75,952
"Fifth Element, The (1997)",3.7456896551724137,464
Sideways (2004),3.7435897435897436,117
Akira (1988),3.7435897435897436,156
Captain America: The Winter Soldier (2014),3.7419354838709675,124
"Insider, The (1999)",3.7419354838709675,62
Close Encounters of the Third Kind (1977),3.7416666666666667,180
Donnie Brasco (1997),3.7403846153846154,104
Carlito's Way (1993),3.738095238095238,84
Cloud Atlas (2012),3.736842105263158,57
"Muppet Christmas Carol, The (1992)",3.736842105263158,57
Time Bandits (1981),3.731707317073171,164
"Purple Rose of Cairo, The (1985)",3.730769230769231,52
Highlander (1986),3.7291666666666665,144
Chicago (2002),3.7244897959183674,196
X2: X-Men United (2003),3.723684210526316,304
Idiocracy (2006),3.7222222222222223,72
William Shakespeare's Romeo + Juliet (1996),3.7222222222222223,72
Ant-Man (2015),3.7222222222222223,81
Matchstick Men (2003),3.7205882352941178,102
Modern Times (1936),3.72,75
Big (1988),3.71978021978022,364
Up in the Air (2009),3.71875,64
Sweeney Todd: The Demon Barber of Fleet Street (2007),3.716666666666667,120
Silver Linings Playbook (2012),3.716666666666667,60
Gone Girl (2014),3.7162162162162162,74
"Emperor's New Groove, The (2000)",3.7162162162162162,185
About a Boy (2002),3.715909090909091,132
Boiler Room (2000),3.7142857142857144,63
Lord of War (2005),3.7142857142857144,175
Dr. No (1962),3.712121212121212,99
Mystic River (2003),3.7115384615384617,156
"Lost Boys, The (1987)",3.7115384615384617,78
Magnolia (1999),3.7115384615384617,52
"English Patient, The (1996)",3.7111111111111112,135
Three Kings (1999),3.7111111111111112,225
Zodiac (2007),3.710526315789474,114
Garden State (2004),3.7083333333333335,144
Mr. Holland's Opus (1995),3.70625,80
"Triplets of Belleville, The (Les triplettes de Belleville) (2003)",3.7045454545454546,66
Doctor Strange (2016),3.7045454545454546,66
Scott Pilgrim vs. the World (2010),3.7045454545454546,220
Gosford Park (2001),3.7037037037037037,81
"Game, The (1997)",3.7012987012987013,231
Edward Scissorhands (1990),3.7,240
"Animatrix, The (2003)",3.7,80
Coraline (2009),3.7,105
Cast Away (2000),3.7,100
Bill & Ted's Excellent Adventure (1989),3.7,135
X-Men (2000),3.699248120300752,399
Jackie Brown (1997),3.6979166666666665,144
As Good as It Gets (1997),3.6979166666666665,288
"Bourne Ultimatum, The (2007)",3.697530864197531,243
Live and Let Die (1973),3.6956521739130435,69
Swingers (1996),3.6944444444444446,72
Animal House (1978),3.693548387096774,62
Stranger than Fiction (2006),3.6931818181818183,176
In the Line of Fire (1993),3.692857142857143,140
Madagascar: Escape 2 Africa (2008),3.6923076923076925,78
Elf (2003),3.6923076923076925,117
Best in Show (2000),3.688679245283019,53
Ice Age (2002),3.6882352941176473,340
Better Off Dead... (1985),3.685185185185185,54
Star Trek Into Darkness (2013),3.685185185185185,108
22 Jump Street (2014),3.6842105263157894,57
Despicable Me (2010),3.6842105263157894,152
Waking Life (2001),3.6842105263157894,57
"Royal Tenenbaums, The (2001)",3.6838235294117645,136
Identity (2003),3.6818181818181817,88
300 (2007),3.68125,320
Ed Wood (1994),3.6785714285714284,140
Pineapple Express (2008),3.6774193548387095,93
Enchanted (2007),3.676470588235294,119
Jarhead (2005),3.676470588235294,51
There's Something About Mary (1998),3.676190476190476,210
Lethal Weapon (1987),3.6733333333333333,300
"American President, The (1995)",3.6714285714285713,210
Bull Durham (1988),3.6714285714285713,105
(500) Days of Summer (2009),3.6666666666666665,126
High Fidelity (2000),3.6666666666666665,225
Election (1999),3.6607142857142856,56
Mission: Impossible - Ghost Protocol (2011),3.659090909090909,88
"Time to Kill, A (1996)",3.657142857142857,70
"Treasure of the Sierra Madre, The (1948)",3.65625,64
Knocked Up (2007),3.6538461538461537,156
Total Recall (1990),3.653409090909091,352
Contact (1997),3.652439024390244,164
Babe (1995),3.65234375,256
Kick-Ass (2010),3.6511627906976742,86
Witness (1985),3.65,120
From Hell (2001),3.65,80
Something's Gotta Give (2003),3.6470588235294117,51
Mission: Impossible - Rogue Nation (2015),3.6470588235294117,51
"Thomas Crown Affair, The (1999)",3.6458333333333335,96
Dogma (1999),3.6455696202531644,237
Gone with the Wind (1939),3.6444444444444444,135
Sunshine (2007),3.642857142857143,56
Primal Fear (1996),3.642857142857143,140
What Dreams May Come (1998),3.642857142857143,56
Looper (2012),3.640625,96
"Rock, The (1996)",3.6404958677685952,363
King Kong (1933),3.64,100
Indiana Jones and the Temple of Doom (1984),3.638888888888889,324
Master and Commander: The Far Side of the World (2003),3.638888888888889,108
Minority Report (2002),3.6375,600
Midnight Run (1988),3.6363636363636362,88
Crimson Tide (1995),3.6359223300970873,309
The Hunger Games: Catching Fire (2013),3.6346153846153846,104
Wallace & Gromit in The Curse of the Were-Rabbit (2005),3.6333333333333333,120
"Hangover, The (2009)",3.6315789473684212,152
Black Swan (2010),3.630952380952381,84
Confessions of a Dangerous Mind (2002),3.6307692307692307,65
The Butterfly Effect (2004),3.630434782608696,138
"Grifters, The (1990)",3.6296296296296298,81
Life of Pi (2012),3.629032258064516,93
Man on Fire (2004),3.6285714285714286,175
"Others, The (2001)",3.6272727272727274,220
Leaving Las Vegas (1995),3.625,152
Bridget Jones's Diary (2001),3.623076923076923,195
Punch-Drunk Love (2002),3.621212121212121,99
Frozen (2013),3.6206896551724137,174
"Simpsons Movie, The (2007)",3.619565217391304,92
Ever After: A Cinderella Story (1998),3.619047619047619,63
Taken (2008),3.619047619047619,168
"Italian Job, The (2003)",3.6186440677966103,118
Rango (2011),3.6176470588235294,102
Snow White and the Seven Dwarfs (1937),3.616883116883117,385
Captain America: Civil War (2016),3.6136363636363638,66
"Scanner Darkly, A (2006)",3.6136363636363638,110
Philadelphia (1993),3.6136363636363638,66
Don Juan DeMarco (1995),3.6125,120
Grosse Pointe Blank (1997),3.610169491525424,177
"Crow, The (1994)",3.609375,256
Pacific Rim (2013),3.607142857142857,56
Superman (1978),3.6065573770491803,183
Apocalypto (2006),3.6052631578947367,57
Clear and Present Danger (1994),3.6045454545454545,440
Super Troopers (2001),3.6041666666666665,72
Easy Rider (1969),3.603448275862069,58
Avatar (2009),3.6030927835051547,388
Source Code (2011),3.6029411764705883,170
Stardust (2007),3.6029411764705883,136
West Side Story (1961),3.6029411764705883,102
"Birds, The (1963)",3.602272727272727,88
Sixteen Candles (1984),3.6020408163265305,98
Megamind (2010),3.6,120
Shallow Grave (1994),3.6,60
Harry Potter and the Chamber of Secrets (2002),3.5980392156862746,204
"Adventures of Priscilla, Queen of the Desert, The (1994)",3.5972222222222223,72
Super 8 (2011),3.5952380952380953,84
28 Weeks Later (2007),3.5952380952380953,63
"Curious Case of Benjamin Button, The (2008)",3.5945945945945947,148
Jerry Maguire (1996),3.5941176470588236,170
Moulin Rouge (2001),3.590909090909091,165
"Muppet Movie, The (1979)",3.590909090909091,132
Mission: Impossible III (2006),3.5892857142857144,84
"Man with the Golden Gun, The (1974)",3.5833333333333335,54
Predator (1987),3.581967213114754,183
"NeverEnding Story, The (1984)",3.5813953488372094,129
"Sword in the Stone, The (1963)",3.58,100
"Hobbit: The Desolation of Smaug, The (2013)",3.58,75
Galaxy Quest (1999),3.58,225
Despicable Me 2 (2013),3.5789473684210527,76
Gravity (2013),3.578125,96
Chasing Amy (1997),3.576923076923077,156
Spartacus (1960),3.576923076923077,52
Shrek 2 (2004),3.5760869565217392,552
First Strike (Police Story 4: First Strike) (Ging chaat goo si 4: Ji gaan daan yam mo) (1996),3.575,80
"Fox and the Hound, The (1981)",3.575,60
Peter Pan (1953),3.573170731707317,164
Who Framed Roger Rabbit? (1988),3.5721649484536084,679
"Goonies, The (1985)",3.5701754385964914,285
Mulan (1998),3.566666666666667,315
"Notebook, The (2004)",3.5657894736842106,76
Pitch Black (2000),3.5641025641025643,117
Iron Man 3 (2013),3.5625,128
Desperado (1995),3.5606060606060606,198
Midnight in Paris (2011),3.56,75
Brokeback Mountain (2005),3.5588235294117645,68
"Devil Wears Prada, The (2006)",3.5588235294117645,68
Jacob's Ladder (1990),3.5576923076923075,52
Die Hard: With a Vengeance (1995),3.5555555555555554,432
"Mariachi, El (1992)",3.5555555555555554,72
Pride & Prejudice (2005),3.5555555555555554,54
Moonstruck (1987),3.5555555555555554,54
"Nightmare Before Christmas, The (1993)",3.553763440860215,372
50 First Dates (2004),3.5531914893617023,94
Chicken Run (2000),3.551282051282051,234
First Blood (Rambo: First Blood) (1982),3.55,120
"Adventures of Buckaroo Banzai Across the 8th Dimension, The (1984)",3.5476190476190474,63
For Your Eyes Only (1981),3.5476190476190474,63
"40-Year-Old Virgin, The (2005)",3.5472972972972974,148
Captain America: The First Avenger (2011),3.546875,160
Dave (1993),3.5460526315789473,152
Meet the Robinsons (2007),3.5454545454545454,66
Heavy Metal (1981),3.5454545454545454,165
Rob Roy (1995),3.5454545454545454,176
Rushmore (1998),3.544642857142857,112
"Dark Crystal, The (1982)",3.5441176470588234,68
Rumble in the Bronx (Hont faan kui) (1995),3.5434782608695654,184
"Piano, The (1993)",3.540983606557377,122
Spider-Man (2002),3.540983606557377,488
Private Parts (1997),3.5384615384615383,52
Disclosure (1994),3.5384615384615383,104
Mission: Impossible (1996),3.537037037037037,648
"People vs. Larry Flynt, The (1996)",3.537037037037037,54
Austin Powers: International Man of Mystery (1997),3.535,300
"Firm, The (1993)",3.5346534653465347,202
Corpse Bride (2005),3.534090909090909,220
Cloudy with a Chance of Meatballs (2009),3.5294117647058822,68
"Jungle Book, The (1994)",3.5294117647058822,102
Speed (1994),3.5292397660818713,513
Erin Brockovich (2000),3.5285714285714285,70
10 Things I Hate About You (1999),3.5277777777777777,108
Stir of Echoes (1999),3.5277777777777777,54
"Whole Nine Yards, The (2000)",3.5238095238095237,84
Zack and Miri Make a Porno (2008),3.5238095238095237,63
Ronin (1998),3.5232558139534884,129
Chocolat (2000),3.521276595744681,94
Road to Perdition (2002),3.520408163265306,98
House of Flying Daggers (Shi mian mai fu) (2004),3.52,75
Four Weddings and a Funeral (1994),3.5194174757281553,206
"Transporter, The (2002)",3.519230769230769,52
Avengers: Age of Ultron (2015),3.5185185185185186,81
Quiz Show (1994),3.5185185185185186,81
Gangs of New York (2002),3.518181818181818,110
Field of Dreams (1989),3.517857142857143,168
"Bug's Life, A (1998)",3.516304347826087,368
Patriot Games (1992),3.5161290322580645,124
Thor (2011),3.514705882352941,170
Robin Hood (1973),3.513888888888889,180
Enemy at the Gates (2001),3.5125,80
Iron Man 2 (2010),3.5106382978723403,235
Super Size Me (2004),3.51,150
Zoolander (2001),3.509259259259259,54
From Dusk Till Dawn (1996),3.5090909090909093,220
Wedding Crashers (2005),3.5086206896551726,116
Pirates of the Caribbean: Dead Man's Chest (2006),3.5069444444444446,216
Back to the Future Part II (1989),3.5057471264367814,261
Underworld (2003),3.5,99
"Man in the Iron Mask, The (1998)",3.5,75
Diamonds Are Forever (1971),3.5,63
Tropic Thunder (2008),3.5,132
Maverick (1994),3.5,222
Kingdom of Heaven (2005),3.5,68
Babel (2006),3.5,62
Jackass: The Movie (2002),3.5,51
JFK (1991),3.5,93
"History of Violence, A (2005)",3.5,108
Fallen (1998),3.5,60
Fried Green Tomatoes (1991),3.5,90
My Best Friend's Wedding (1997),3.5,80
Ghost World (2001),3.5,68
True Lies (1994),3.497191011235955,890
GoldenEye (1995),3.496212121212121,396
Get Shorty (1995),3.49438202247191,267
"Birdcage, The (1996)",3.494186046511628,86
Enemy of the State (1998),3.4925373134328357,134
"I, Robot (2004)",3.4918032786885247,244
Cinderella (1950),3.488095238095238,210
"Girl with the Dragon Tattoo, The (2011)",3.488095238095238,84
Men in Black (a.k.a. MIB) (1997),3.487878787878788,495
Burn After Reading (2008),3.4871794871794872,117
Man on the Moon (1999),3.4871794871794872,78
Mad Max (1979),3.486842105263158,114
"Life Aquatic with Steve Zissou, The (2004)",3.4864864864864864,111
Mystery Science Theater 3000: The Movie (1996),3.486111111111111,72
Pretty Woman (1990),3.4851851851851854,270
K-PAX (2001),3.484848484848485,132
Ocean's Thirteen (2007),3.484848484848485,66
I Am Legend (2007),3.4838709677419355,310
Pleasantville (1998),3.4836065573770494,183
Spaceballs (1987),3.483050847457627,118
Spy Game (2001),3.4814814814814814,108
Unbreakable (2000),3.4794520547945207,146
Bedknobs and Broomsticks (1971),3.4791666666666665,72
Thunderball (1965),3.4791666666666665,72
Sneakers (1992),3.4782608695652173,230
French Kiss (1995),3.477777777777778,135
Star Trek IV: The Voyage Home (1986),3.4767441860465116,129
Fast Times at Ridgemont High (1982),3.4761904761904763,126
"Secret of NIMH, The (1982)",3.4761904761904763,84
"Abyss, The (1989)",3.475806451612903,248
Sleepy Hollow (1999),3.475806451612903,248
Wayne's World (1992),3.4754098360655736,61
Soylent Green (1973),3.473684210526316,76
"Hard Day's Night, A (1964)",3.473684210526316,57
Beetlejuice (1988),3.4725274725274726,182
The Man from U.N.C.L.E. (2015),3.4722222222222223,54
Sleepless in Seattle (1993),3.4716981132075473,318
Constantine (2005),3.4714285714285715,140
"20,000 Leagues Under the Sea (1954)",3.4705882352941178,51
While You Were Sleeping (1995),3.4693877551020407,196
Team America: World Police (2004),3.46875,128
Brave (2012),3.466666666666667,120
"League of Their Own, A (1992)",3.466666666666667,90
Dracula (Bram Stoker's Dracula) (1992),3.4655172413793105,116
Mighty Aphrodite (1995),3.4642857142857144,84
Thelma & Louise (1991),3.4634146341463414,123
Rise of the Planet of the Apes (2011),3.462962962962963,108
Eyes Wide Shut (1999),3.4622641509433962,159
Interview with the Vampire: The Vampire Chronicles (1994),3.458715596330275,218
Tarzan (1999),3.4583333333333335,96
Quantum of Solace (2008),3.4571428571428573,105
"Frighteners, The (1996)",3.4565217391304346,69
Harold and Kumar Go to White Castle (2004),3.4558823529411766,68
Notting Hill (1999),3.455357142857143,112
Chitty Chitty Bang Bang (1968),3.4545454545454546,55
Romancing the Stone (1984),3.4537037037037037,216
I.Q. (1994),3.453488372093023,86
Keeping the Faith (2000),3.4523809523809526,63
Hercules (1997),3.4516129032258065,155
Pinocchio (1940),3.45,240
Gone Baby Gone (2007),3.45,60
James and the Giant Peach (1996),3.4489795918367347,245
Escape from New York (1981),3.448717948717949,156
"Patriot, The (2000)",3.448529411764706,204
Independence Day (a.k.a. ID4) (1996),3.4455445544554455,808
Futurama: Bender's Game (2008),3.4444444444444446,54
Kung Fu Panda (2008),3.4444444444444446,270
"Spy Who Loved Me, The (1977)",3.4444444444444446,54
"Chronicles of Narnia: The Lion, the Witch and the Wardrobe, The (2005)",3.443548387096774,186
Match Point (2005),3.4411764705882355,51
"X-Files: Fight the Future, The (1998)",3.4404761904761907,210
"Crying Game, The (1992)",3.4404761904761907,126
Happy Gilmore (1996),3.4393939393939394,99
Pirates of the Caribbean: At World's End (2007),3.4375,224
Ender's Game (2013),3.4375,64
"Sandlot, The (1993)",3.4375,72
Red Dragon (2002),3.435483870967742,93
The Hunger Games (2012),3.435185185185185,270
Ghost (1990),3.4347826086956523,575
Dune (1984),3.4324324324324325,74
Jumanji (1995),3.4318181818181817,330
101 Dalmatians (One Hundred and One Dalmatians) (1961),3.4318181818181817,132
Star Wars: Episode III - Revenge of the Sith (2005),3.4294871794871793,234
Over the Hedge (2006),3.4285714285714284,56
"Darjeeling Limited, The (2007)",3.4285714285714284,63
Batman (1989),3.4285714285714284,567
Broadcast News (1987),3.4285714285714284,84
Snowpiercer (2013),3.4285714285714284,63
Troy (2004),3.4270833333333335,192
Grindhouse (2007),3.425925925925926,135
Cube (1997),3.425925925925926,108
Outbreak (1995),3.4257425742574257,404
Poltergeist (1982),3.425531914893617,94
"Little Mermaid, The (1989)",3.425373134328358,335
Holes (2003),3.425,80
U-571 (2000),3.4242424242424243,99
Suicide Kings (1997),3.423076923076923,65
Dunkirk (2017),3.423076923076923,52
Payback (1999),3.422222222222222,90
Tootsie (1982),3.421875,64
Vanilla Sky (2001),3.4204545454545454,176
"Hitchhiker's Guide to the Galaxy, The (2005)",3.4204545454545454,132
"Wedding Singer, The (1998)",3.419642857142857,112
Meet the Parents (2000),3.4175824175824174,91
Westworld (1973),3.4166666666666665,72
Frequency (2000),3.4166666666666665,72
"World's End, The (2013)",3.4166666666666665,54
Titanic (1997),3.414285714285714,280
Titan A.E. (2000),3.413793103448276,145
"American Werewolf in London, An (1981)",3.4130434782608696,69
The Devil's Advocate (1997),3.411764705882353,153
"Aristocats, The (1970)",3.411111111111111,90
Now You See Me (2013),3.409090909090909,66
Sleeping Beauty (1959),3.409090909090909,66
Live Free or Die Hard (2007),3.40625,128
"Naked Gun: From the Files of Police Squad!, The (1988)",3.4047619047619047,168
Die Hard 2 (1990),3.4044117647058822,204
Mallrats (1995),3.4027777777777777,72
Beverly Hills Cop (1984),3.402173913043478,184
School of Rock (2003),3.4015151515151514,132
Lady and the Tramp (1955),3.4,220
King Kong (2005),3.4,200
Legends of the Fall (1994),3.3970588235294117,272
Star Trek: Generations (1994),3.3935185185185186,324
Bolt (2008),3.388888888888889,90
Mrs. Doubtfire (1993),3.388888888888889,288
Clue (1985),3.388888888888889,72
"Truth About Cats & Dogs, The (1996)",3.3879310344827585,116
"Client, The (1994)",3.3859649122807016,171
Dumbo (1941),3.3857142857142857,140
"Fly, The (1986)",3.383720930232558,172
City of Angels (1998),3.3823529411764706,51
American Pie (1999),3.378640776699029,206
Hellboy (2004),3.3780487804878048,164
Cars (2006),3.3780487804878048,123
Executive Decision (1996),3.3780487804878048,123
Gremlins (1984),3.3780487804878048,82
Alice in Wonderland (1951),3.375,200
Stargate (1994),3.375,420
"Wolverine, The (2013)",3.375,64
Madagascar (2005),3.375,160
RoboCop (1987),3.3714285714285714,350
Rush Hour 2 (2001),3.370967741935484,62
City Slickers (1991),3.370967741935484,62
Patch Adams (1998),3.3703703703703702,54
Face/Off (1997),3.3701298701298703,308
Back to the Future Part III (1990),3.3693181818181817,352
Dirty Dancing (1987),3.369047619047619,126
Bambi (1942),3.3684210526315788,114
Bad Santa (2003),3.3653846153846154,52
Young Sherlock Holmes (1985),3.3636363636363638,66
Blade (1998),3.3620689655172415,174
Hook (1991),3.358490566037736,159
X-Men: The Last Stand (2006),3.355769230769231,156
"Godfather: Part III, The (1990)",3.3555555555555556,180
"Island, The (2005)",3.3548387096774195,93
Final Fantasy: The Spirits Within (2001),3.3548387096774195,124
"Matrix Reloaded, The (2003)",3.3541666666666665,480
Cloverfield (2008),3.3518518518518516,108
"Negotiator, The (1998)",3.35,150
Anastasia (1997),3.35,100
Carrie (1976),3.3472222222222223,144
Transformers (2007),3.3461538461538463,156
Borat: Cultural Learnings of America for Make Benefit Glorious Nation of Kazakhstan (2006),3.3461538461538463,65
Birdman: Or (The Unexpected Virtue of Ignorance) (2014),3.3461538461538463,52
Star Trek VI: The Undiscovered Country (1991),3.3452380952380953,126
Air Force One (1997),3.3448275862068964,116
Atlantis: The Lost Empire (2001),3.3421052631578947,76
Nurse Betty (2000),3.3421052631578947,95
"Knight's Tale, A (2001)",3.341463414634146,123
"Rocky Horror Picture Show, The (1975)",3.3412698412698414,252
Tron (1982),3.34,150
A.I. Artificial Intelligence (2001),3.3392857142857144,168
Ransom (1996),3.3378378378378377,74
Willow (1988),3.3375,120
Phenomenon (1996),3.3369565217391304,92
"Talented Mr. Ripley, The (1999)",3.336734693877551,147
Little Shop of Horrors (1986),3.3333333333333335,117
We Were Soldiers (2002),3.3333333333333335,54
"World Is Not Enough, The (1999)",3.3333333333333335,117
Ladyhawke (1985),3.3333333333333335,54
Starship Troopers (1997),3.33125,160
"Hunchback of Notre Dame, The (1996)",3.3297872340425534,235
Courage Under Fire (1996),3.3275862068965516,116
Muppet Treasure Island (1996),3.326923076923077,104
Licence to Kill (1989),3.325,60
Kung Fu Panda 2 (2011),3.323529411764706,102
Devil in a Blue Dress (1995),3.3214285714285716,56
Twister (1996),3.321138211382114,492
"Terminal, The (2004)",3.3191489361702127,141
"Long Kiss Goodnight, The (1996)",3.3181818181818183,99
So I Married an Axe Murderer (1993),3.317073170731707,123
Bruce Almighty (2003),3.316901408450704,284
To Die For (1995),3.3125,96
Elysium (2013),3.3125,64
WarGames (1983),3.3095238095238093,63
Thor: The Dark World (2013),3.3095238095238093,84
Dead Men Don't Wear Plaid (1982),3.3055555555555554,54
"Chronicles of Riddick, The (2004)",3.3043478260869565,69
Insomnia (2002),3.303030303030303,165
Top Gun (1986),3.3012048192771086,166
Déjà Vu (Deja Vu) (2006),3.3,60
Oblivion (2013),3.3,80
Bend It Like Beckham (2002),3.3,120
21 Grams (2003),3.3,125
"Thin Red Line, The (1998)",3.3,105
Prometheus (2012),3.2962962962962963,108
Man of Steel (2013),3.2954545454545454,110
Clueless (1995),3.293269230769231,208
Ocean's Twelve (2004),3.2906976744186047,172
"Addams Family, The (1991)",3.289473684210526,114
Yellow Submarine (1968),3.2857142857142856,70
Starsky & Hutch (2004),3.2857142857142856,84
Cop Land (1997),3.28125,64
Mr. & Mrs. Smith (2005),3.2796610169491527,236
Men in Black III (M.III.B.) (M.I.B.³) (2012),3.2777777777777777,72
How to Lose a Guy in 10 Days (2003),3.2758620689655173,58
That Thing You Do! (1996),3.2738095238095237,84
Matilda (1996),3.272727272727273,99
Mad Max Beyond Thunderdome (1985),3.2708333333333335,72
Bulworth (1998),3.2708333333333335,72
Cocoon (1985),3.2674418604651163,86
My Big Fat Greek Wedding (2002),3.2666666666666666,120
Lost Highway (1997),3.264705882352941,102
On Her Majesty's Secret Service (1969),3.264705882352941,68
Angels & Demons (2009),3.264705882352941,68
National Treasure (2004),3.263157894736842,190
My Cousin Vinny (1992),3.26271186440678,59
"Three Musketeers, The (1993)",3.262295081967213,244
Star Trek III: The Search for Spock (1984),3.261904761904762,126
Rush Hour (1998),3.261904761904762,168
Jurassic World (2015),3.260869565217391,115
Grumpier Old Men (1995),3.2596153846153846,104
Conan the Barbarian (1982),3.2580645161290325,93
"Rocketeer, The (1991)",3.2564102564102564,117
Talladega Nights: The Ballad of Ricky Bobby (2006),3.25,56
Strange Days (1995),3.25,168
Machete (2010),3.25,60
"River Wild, The (1994)",3.25,80
Behind Enemy Lines (2001),3.25,60
"Amazing Spider-Man, The (2012)",3.25,120
Terminator Salvation (2009),3.25,72
Bad Boys (1995),3.2450980392156863,255
Antz (1998),3.2444444444444445,225
Pretty in Pink (1986),3.242424242424242,99
Night at the Museum (2006),3.239130434782609,92
Tron: Legacy (2010),3.236842105263158,76
"Indian in the Cupboard, The (1995)",3.235294117647059,102
Natural Born Killers (1994),3.233695652173913,276
Pirates of the Caribbean: On Stranger Tides (2011),3.2291666666666665,96
Logan's Run (1976),3.2291666666666665,72
Hackers (1995),3.2285714285714286,140
Copycat (1995),3.2222222222222223,180
Gone in 60 Seconds (2000),3.221311475409836,122
"Running Man, The (1987)",3.2205882352941178,68
Ice Age 2: The Meltdown (2006),3.217391304347826,92
"Saint, The (1997)",3.216666666666667,120
Once Upon a Time in Mexico (2003),3.2142857142857144,56
"View to a Kill, A (1985)",3.2142857142857144,63
Shanghai Knights (2003),3.210526315789474,57
Freaky Friday (2003),3.2083333333333335,72
Flight of the Navigator (1986),3.2083333333333335,72
Blade II (2002),3.2058823529411766,102
Working Girl (1988),3.2045454545454546,66
"Santa Clause, The (1994)",3.2037037037037037,243
"Ring, The (2002)",3.202127659574468,141
What Lies Beneath (2000),3.2,75
"Ninth Gate, The (1999)",3.2,60
Scream (1996),3.2,280
Austin Powers: The Spy Who Shagged Me (1999),3.1983471074380163,363
"Rescuers, The (1977)",3.1923076923076925,65
"Village, The (2004)",3.1923076923076925,78
Rocky II (1979),3.1923076923076925,52
Basic Instinct (1992),3.1914893617021276,141
13 Going on 30 (2004),3.1904761904761907,63
Sabrina (1995),3.185185185185185,108
"Mask, The (1994)",3.1847133757961785,628
Saw (2004),3.1818181818181817,99
All Dogs Go to Heaven 2 (1996),3.1818181818181817,66
Lethal Weapon 2 (1989),3.1808510638297873,188
"Corrina, Corrina (1994)",3.176470588235294,51
Crocodile Dundee (1986),3.175438596491228,114
Tin Cup (1996),3.1744186046511627,129
About Schmidt (2002),3.173076923076923,52
"Incredible Hulk, The (2008)",3.1714285714285713,70
"Perfect Storm, The (2000)",3.1704545454545454,88
"American Tail, An (1986)",3.1666666666666665,72
Signs (2002),3.1666666666666665,189
"Adjustment Bureau, The (2011)",3.1666666666666665,63
Minions (2015),3.1666666666666665,60
Hitch (2005),3.1666666666666665,90
Scrooged (1988),3.1666666666666665,72
Jay and Silent Bob Strike Back (2001),3.161764705882353,68
Lemony Snicket's A Series of Unfortunate Events (2004),3.16,100
1408 (2007),3.16,75
Star Wars: Episode II - Attack of the Clones (2002),3.157608695652174,368
Wolf (1994),3.15625,64
Legally Blonde (2001),3.15625,128
Starman (1984),3.1538461538461537,52
Aladdin and the King of Thieves (1996),3.1538461538461537,78
"Matrix Revolutions, The (2003)",3.151898734177215,395
Star Trek: Insurrection (1998),3.1515151515151514,132
Shanghai Noon (2000),3.1511627906976742,172
Alien³ (a.k.a. Alien 3) (1992),3.148936170212766,188
"Rundown, The (2003)",3.1470588235294117,51
"A-Team, The (2010)",3.1470588235294117,51
Pocahontas (1995),3.1470588235294117,340
War of the Worlds (2005),3.1470588235294117,204
Along Came a Spider (2001),3.1470588235294117,68
Phone Booth (2002),3.140625,64
Grease (1978),3.139705882352941,204
"Bourne Legacy, The (2012)",3.138888888888889,90
What Women Want (2000),3.138888888888889,108
"Polar Express, The (2004)",3.1363636363636362,55
¡Three Amigos! (1986),3.1346153846153846,52
Moonraker (1979),3.1346153846153846,104
Death Proof (2007),3.1346153846153846,130
"Lord of the Rings, The (1978)",3.1333333333333333,60
Hot Shots! (1991),3.1333333333333333,60
Robin Hood: Men in Tights (1993),3.130434782608696,69
"Family Man, The (2000)",3.130434782608696,69
Powder (1995),3.125,56
"Da Vinci Code, The (2006)",3.122448979591837,147
"Mummy, The (1999)",3.1206896551724137,522
You've Got Mail (1998),3.12,100
Splash (1984),3.1176470588235294,153
Alien Nation (1988),3.1153846153846154,52
Kiss the Girls (1997),3.1153846153846154,52
Weird Science (1985),3.1136363636363638,66
"Arrival, The (1996)",3.1136363636363638,66
"Golden Compass, The (2007)",3.111111111111111,54
Eraser (1996),3.109375,192
Star Wars: Episode I - The Phantom Menace (1999),3.107142857142857,420
Star Trek: Nemesis (2002),3.1052631578947367,76
Midnight in the Garden of Good and Evil (1997),3.1041666666666665,72
Swordfish (2001),3.1029411764705883,102
Addams Family Values (1993),3.1011904761904763,252
"Mask of Zorro, The (1998)",3.1,180
Young Guns (1988),3.1,75
Fatal Attraction (1987),3.0972222222222223,72
"Poseidon Adventure, The (1972)",3.0952380952380953,63
Mars Attacks! (1996),3.0930232558139537,258
Demolition Man (1993),3.0925925925925926,243
Dragonheart (1996),3.0923076923076924,195
Oliver & Company (1988),3.090909090909091,55
Mystery Men (1999),3.08974358974359,117
"Mummy Returns, The (2001)",3.088888888888889,180
"Me, Myself & Irene (2000)",3.0869565217391304,92
First Knight (1995),3.0833333333333335,162
Resident Evil (2002),3.0833333333333335,120
Fletch (1985),3.0833333333333335,72
Romeo Must Die (2000),3.0833333333333335,72
Superman Returns (2006),3.08,100
"Specialist, The (1994)",3.0789473684210527,114
"Mothman Prophecies, The (2002)",3.076923076923077,65
Solaris (2002),3.075,60
Bill & Ted's Bogus Journey (1991),3.075,80
101 Dalmatians (1996),3.074468085106383,141
X-Men: Apocalypse (2016),3.0714285714285716,56
Deep Impact (1998),3.0697674418604652,129
"Fast and the Furious, The (2001)",3.066666666666667,135
Tomorrow Never Dies (1997),3.066666666666667,135
"Beach, The (2000)",3.0625,64
Naked Gun 33 1/3: The Final Insult (1994),3.060344827586207,116
Dumb & Dumber (Dumb and Dumber) (1994),3.0601503759398496,266
Spectre (2015),3.0588235294117645,51
It Could Happen to You (1994),3.0588235294117645,51
"Expendables, The (2010)",3.0588235294117645,51
Miss Congeniality (2000),3.0546875,128
Armageddon (1998),3.0543478260869565,368
Sweet Home Alabama (2002),3.0535714285714284,56
"Day After Tomorrow, The (2004)",3.05,250
How the Grinch Stole Christmas (a.k.a. The Grinch) (2000),3.0454545454545454,99
"Cell, The (2000)",3.0444444444444443,135
Terminator 3: Rise of the Machines (2003),3.0444444444444443,135
Star Trek: The Motion Picture (1979),3.0444444444444443,90
Ace Ventura: Pet Detective (1994),3.040372670807453,161
"Net, The (1995)",3.0401785714285716,336
Tequila Sunrise (1988),3.0384615384615383,52
"Princess Diaries, The (2001)",3.037037037037037,81
Evolution (2001),3.037037037037037,54
Cliffhanger (1993),3.0346534653465347,303
Hancock (2008),3.0344827586206895,145
Con Air (1997),3.0338983050847457,177
Liar Liar (1997),3.0337837837837838,74
Shallow Hal (2001),3.032258064516129,93
"Craft, The (1996)",3.032258064516129,124
Sister Act (1992),3.0277777777777777,72
World War Z (2013),3.026315789473684,76
Double Jeopardy (1999),3.026315789473684,76
Robots (2005),3.026315789473684,133
"Peacemaker, The (1997)",3.025,60
Bridget Jones: The Edge of Reason (2004),3.025,60
Batman Returns (1992),3.025,120
Shrek the Third (2007),3.0238095238095237,105
Broken Arrow (1996),3.0238095238095237,252
U.S. Marshals (1998),3.0217391304347827,69
Superman II (1980),3.020408163265306,98
Robin Hood: Prince of Thieves (1991),3.017857142857143,56
Wild Things (1998),3.0161290322580645,124
"Nightmare on Elm Street, A (1984)",3.0,54
"Goofy Movie, A (1995)",3.0,68
Jumper (2008),3.0,90
Spider-Man 3 (2007),3.0,220
"Green Hornet, The (2011)",3.0,66
Ghostbusters II (1989),3.0,141
Teenage Mutant Ninja Turtles (1990),3.0,125
Charlie and the Chocolate Factory (2005),3.0,305
Divergent (2014),3.0,72
Home Alone (1990),2.9956896551724137,232
Entrapment (1999),2.988372093023256,86
Click (2006),2.9782608695652173,115
Pearl Harbor (2001),2.9651162790697674,172
King Arthur (2004),2.9615384615384617,52
Men in Black II (a.k.a. MIIB) (a.k.a. MIB 2) (2002),2.959016393442623,183
Never Been Kissed (1999),2.9583333333333335,72
"Quick and the Dead, The (1995)",2.953125,96
Homeward Bound: The Incredible Journey (1993),2.95,60
Spy Kids (2001),2.9464285714285716,112
Mary Shelley's Frankenstein (Frankenstein) (1994),2.9464285714285716,84
8MM (1999),2.9444444444444446,54
Conspiracy Theory (1997),2.941860465116279,172
Event Horizon (1997),2.94,75
Hannibal (2001),2.9358974358974357,78
Beavis and Butt-Head Do America (1996),2.935483870967742,124
Lethal Weapon 3 (1992),2.9347826086956523,184
Last Action Hero (1993),2.9339622641509435,212
"General's Daughter, The (1999)",2.933333333333333,60
Resident Evil: Apocalypse (2004),2.9285714285714284,56
Final Destination (2000),2.9285714285714284,70
Die Another Day (2002),2.925925925925926,81
"Pelican Brief, The (1993)",2.923076923076923,65
Alien: Resurrection (1997),2.922222222222222,135
Escape from L.A. (1996),2.9204545454545454,176
Scary Movie (2000),2.92,100
Scream 2 (1997),2.9193548387096775,124
Batman Forever (1995),2.9160583941605838,548
Waterworld (1995),2.9130434782608696,345
Paycheck (2003),2.911764705882353,51
Predator 2 (1990),2.9047619047619047,63
"13th Warrior, The (1999)",2.9038461538461537,78
Lara Croft: Tomb Raider (2001),2.9,80
Space Cowboys (2000),2.891304347826087,92
"Shadow, The (1994)",2.888888888888889,72
Dick Tracy (1990),2.8846153846153846,52
Prince of Persia: The Sands of Time (2010),2.8846153846153846,65
Bad Boys II (2003),2.8823529411764706,68
Chain Reaction (1996),2.8823529411764706,51
Kindergarten Cop (1990),2.8823529411764706,68
Mulholland Falls (1996),2.880952380952381,63
Congo (1995),2.8771929824561404,228
Alice in Wonderland (2010),2.875,84
Beverly Hills Cop II (1987),2.8684210526315788,76
Hot Shots! Part Deux (1993),2.8666666666666667,180
X-Men Origins: Wolverine (2009),2.8653846153846154,78
"Time Machine, The (2002)",2.8636363636363638,66
"Bodyguard, The (1992)",2.859375,96
Blade: Trinity (2004),2.857142857142857,56
Under Siege (1992),2.8541666666666665,72
Scooby-Doo (2002),2.8529411764705883,85
Forever Young (1992),2.8518518518518516,81
Lethal Weapon 4 (1998),2.8484848484848486,132
Jurassic Park III (2001),2.8472222222222223,144
Austin Powers in Goldmember (2002),2.8461538461538463,65
She's All That (1999),2.8448275862068964,58
Stuart Little (1999),2.8421052631578947,57
Virtuosity (1995),2.8421052631578947,57
Runaway Bride (1999),2.8333333333333335,84
Small Soldiers (1998),2.8333333333333335,72
Indiana Jones and the Kingdom of the Crystal Skull (2008),2.8333333333333335,156
Junior (1994),2.8285714285714287,70
Tank Girl (1995),2.823529411764706,102
AVP: Alien vs. Predator (2004),2.823529411764706,68
Nine Months (1995),2.8229166666666665,96
Arachnophobia (1990),2.811320754716981,106
"Jewel of the Nile, The (1985)",2.8095238095238093,84
Casper (1995),2.806451612903226,124
"Cable Guy, The (1996)",2.8055555555555554,108
"6th Day, The (2000)",2.8,60
"Blair Witch Project, The (1999)",2.796875,192
Deep Blue Sea (1999),2.7758620689655173,116
"Karate Kid, Part II, The (1986)",2.7758620689655173,87
Babe: Pig in the City (1998),2.7758620689655173,87
"Lawnmower Man, The (1992)",2.7708333333333335,96
xXx (2002),2.7708333333333335,72
Snake Eyes (1998),2.7666666666666666,60
Pete's Dragon (1977),2.7666666666666666,60
Fantastic Four (2005),2.763888888888889,108
Reality Bites (1994),2.761904761904762,63
Hocus Pocus (1993),2.760869565217391,92
"Honey, I Shrunk the Kids (1989)",2.7573529411764706,340
"Lost World: Jurassic Park, The (1997)",2.753731343283582,268
Maleficent (2014),2.75,64
Planet of the Apes (2001),2.7448979591836733,196
Coyote Ugly (2000),2.7413793103448274,87
"Island of Dr. Moreau, The (1996)",2.740740740740741,54
"Nutty Professor, The (1996)",2.731707317073171,328
Ace Ventura: When Nature Calls (1995),2.727272727272727,88
"Dude, Where's My Car? (2000)",2.727272727272727,66
Charlie's Angels (2000),2.7222222222222223,144
Reign of Fire (2002),2.7222222222222223,54
Beverly Hills Cop III (1994),2.7203389830508473,236
"Golden Child, The (1986)",2.71875,80
Mission: Impossible II (2000),2.7142857142857144,231
King Kong (1976),2.7142857142857144,70
Days of Thunder (1990),2.710526315789474,57
Van Helsing (2004),2.7083333333333335,96
Space Jam (1996),2.707547169811321,318
Rocky IV (1985),2.706896551724138,58
"10,000 BC (2008)",2.7058823529411766,51
All Dogs Go to Heaven (1989),2.7,75
End of Days (1999),2.7,75
"Postman, The (1997)",2.6923076923076925,52
Happy Feet (2006),2.6818181818181817,55
Johnny Mnemonic (1995),2.6792452830188678,159
Scream 3 (2000),2.6724137931034484,116
Judge Dredd (1995),2.6693548387096775,186
Species (1995),2.6666666666666665,90
Desperately Seeking Susan (1985),2.6666666666666665,72
Star Trek V: The Final Frontier (1989),2.6666666666666665,60
Where the Wild Things Are (2009),2.6666666666666665,60
Rambo: First Blood Part II (1985),2.6578947368421053,57
Shaft (2000),2.6578947368421053,57
"Mighty Ducks, The (1992)",2.6538461538461537,52
Lara Croft Tomb Raider: The Cradle of Life (2003),2.6470588235294117,85
City Slickers II: The Legend of Curly's Gold (1994),2.6454545454545455,165
Snakes on a Plane (2006),2.642857142857143,56
RoboCop 2 (1990),2.64,100
Sky Captain and the World of Tomorrow (2004),2.638888888888889,54
Spawn (1997),2.6346153846153846,104
"Amityville Horror, The (1979)",2.6333333333333333,60
"Brothers Grimm, The (2005)",2.625,80
Osmosis Jones (2001),2.625,56
"League of Extraordinary Gentlemen, The (a.k.a. LXG) (2003)",2.625,96
2012 (2009),2.619047619047619,84
Godzilla (2014),2.6153846153846154,52
Ice Age: Dawn of the Dinosaurs (2009),2.607142857142857,84
"2 Fast 2 Furious (Fast and the Furious 2, The) (2003)",2.6052631578947367,57
Fantastic Four: Rise of the Silver Surfer (2007),2.575,60
Hulk (2003),2.5606060606060606,99
Mortal Kombat (1995),2.5434782608695654,138
Home Alone 2: Lost in New York (1992),2.5161290322580645,62
Popeye (1980),2.5,54
Money Train (1995),2.5,75
Michael (1996),2.5,92
Daredevil (2003),2.5,64
Timecop (1994),2.5,63
Last Man Standing (1996),2.5,52
Jumpin' Jack Flash (1986),2.5,60
Crocodile Dundee II (1988),2.4791666666666665,72
Lost in Space (1998),2.4482758620689653,87
Transformers: Revenge of the Fallen (2009),2.425,80
Buffy the Vampire Slayer (1992),2.423076923076923,78
Coneheads (1993),2.4206349206349205,126
Striptease (1996),2.4146341463414633,82
Twilight (2008),2.409090909090909,88
RoboCop 3 (1993),2.4047619047619047,105
Free Willy (1993),2.391891891891892,111
Joe Dirt (2001),2.380952380952381,84
Charlie's Angels: Full Throttle (2003),2.3703703703703702,135
Transformers: Dark of the Moon (2011),2.3636363636363638,55
"Flintstones, The (1994)",2.357142857142857,126
Batman v Superman: Dawn of Justice (2016),2.34375,64
Angels in the Outfield (1994),2.3333333333333335,54
Clash of the Titans (2010),2.3076923076923075,52
The Scorpion King (2002),2.2954545454545454,88
Hollow Man (2000),2.2948717948717947,117
Superman III (1983),2.25,66
Batman & Robin (1997),2.2142857142857144,168
Wild Wild West (1999),2.207547169811321,212
I Know What You Did Last Summer (1997),2.109375,96
Inspector Gadget (1999),2.0952380952380953,84
Grease 2 (1982),2.0789473684210527,57
Teenage Mutant Ninja Turtles III (1993),2.0714285714285716,70
I Still Know What You Did Last Summer (1998),2.0555555555555554,54
"Honey, I Blew Up the Kid (1992)",2.05,60
Super Mario Bros. (1993),2.0,126
Godzilla (1998),1.9545454545454546,99
Anaconda (1997),1.9259259259259258,81
Ultraviolet (2006),1.9230769230769231,52
"Karate Kid, Part III, The (1989)",1.75,56
Speed 2: Cruise Control (1997),1.605263157894737,57
